journal,title,year,doi,novel_taxon,geography,age1,age2
Nature,Mosaic anatomy in an early fossil squamate,2025,10.1038/s41586-025-09566-y,Breugnathair elgolensis,Scotland,Mesozoic,Jurassic
Nature,A Cambrian soft-bodied biota after the first Phanerozoic mass extinction,2026,10.1038/s41586-025-10030-0,,,,
Nature,A eudicot from the Early Cretaceous of China,2011,10.1038/nature09811,Leefructus mirus,China,Mesozoic,Cretaceous
Nature,A late-Ediacaran crown-group sponge animal,2024,10.1038/s41586-024-07520-y,Helicolocellus cantori,China,Proterozoic,Ediacaran
Nature,A new fossil species supports an early origin for toothed whale echolocation,2014,10.1038/nature13086,Cotylocara macei,United States,Cenozoic,Oligocene
Nature,The earliest known holometabolous insects,2013,10.1038/nature12629,Avioxyela gallica,France,Paleozoic,Carboniferous
Nature,The earliest known holometabolous insects,2013,10.1038/nature12629,Stephanastus polinae,France,Paleozoic,Carboniferous
Nature,The earliest known holometabolous insects,2013,10.1038/nature12629,Metabolarva bella,Germany,Paleozoic,Carboniferous
Nature,The earliest known holometabolous insects,2013,10.1038/nature12629,Aviorrhyncha magnifica,France,Paleozoic,Carboniferous
Nature,The earliest known holometabolous insects,2013,10.1038/nature12629,Westphalopsocus pumilio,France,Paleozoic,Carboniferous
Nature,A Jurassic acanthocephalan illuminates the origin of thorny-headed worms,2025,10.1038/s41586-025-08830-5,Juracanthocephalus daohugouensis,China,Mesozoic,Jurassic
Nature,The oldest complete jawed vertebrates from the early Silurian of China,2022,10.1038/s41586-022-05136-8,Xiushanosteus mirabilis,China,Paleozoic,Silurian
Nature,The oldest complete jawed vertebrates from the early Silurian of China,2022,10.1038/s41586-022-05136-8,Shenacanthus vermiformis ,China,Paleozoic,Silurian
Nature,Cretaceous fossil reveals a new pattern in mammalian middle ear evolution,2019,10.1038/s41586-019-1792-0,Jeholbaatar kielanae,China,Mesozoic,Cretaceous
Nature,A Cambrian crown annelid reconciles phylogenomics and the fossil record,2020,10.1038/s41586-020-2384-8,Dannychaeta tucolus,China,Paleozoic,Cambrian
Nature,New Silurian aculiferan fossils reveal complex early history of Mollusca,2025,10.1038/s41586-024-08312-0,Punk ferox,United Kingdom,Paleozoic,Silurian
Nature,New Silurian aculiferan fossils reveal complex early history of Mollusca,2025,10.1038/s41586-024-08312-0,Emo vorticaudum,United Kingdom,Paleozoic,Silurian
Nature, A domed pachycephalosaur from the early Cretaceous of Mongolia ,2025,10.1038/s41586-025-09213-6,Zavacephale rinpoche,Mongolia,Mesozoic,Cretaceous
Nature,Palaeontological evidence for an Oligocene divergence between Old World monkeys and apes,2013,10.1038/nature12161,Nsungwepithecus gunnelli,Tanzania,Cenozoic,Oligocene
Nature,Palaeontological evidence for an Oligocene divergence between Old World monkeys and apes,2013,10.1038/nature12161,Rukwapithecus fleaglei,Tanzania,Cenozoic,Oligocene
Nature,Death march of a segmented and trilobate bilaterian elucidates early animal evolution,2019,10.1038/s41586-019-1522-7,Yilingia spiciformis,China,Proterozoic,Ediacaran
Nature,First North American fossil monkey and early Miocene tropical biotic interchange,2016,10.1038/nature17415,Panamacebus transitus,Panama,Cenozoic,Miocene
Nature,Meiofaunal deuterostomes from the basal Cambrian of Shaanxi (China),2017,10.1038/nature21072,Saccorhytus coronarius,China,Paleozoic,Cambrian
Nature,Late middle Eocene epoch of Libya yields earliest known radiation of African anthropoids,2010,10.1038/nature09425,Karanisia arenula,Libya,Cenozoic,Eocene
Nature,Late middle Eocene epoch of Libya yields earliest known radiation of African anthropoids,2010,10.1038/nature09425,Afrotarsius libycus,Libya,Cenozoic,Eocene
Nature,Late middle Eocene epoch of Libya yields earliest known radiation of African anthropoids,2010,10.1038/nature09425,Talahpithecus parvus,Libya,Cenozoic,Eocene
Nature,Amphibious flies and paedomorphism in the Jurassic period,2013,10.1038/nature11898,Strashila daohugouensis,China,Mesozoic,Jurassic
Nature,New Oligocene primate from Saudi Arabia and the divergence of apes and Old World monkeys,2010,10.1038/nature09094,Saadanius hijazensis,Saudi Arabia,Cenozoic,Oligocene
Nature,A complete insect from the Late Devonian period,2012,10.1038/nature11281,Strudiella devonica,Belgium,Paleozoic,Devonian
Nature,A new Mongolian tyrannosauroid and the evolution of Eutyrannosauria,2025,10.1038/s41586-025-08964-6,Khankhuuluu mongoliensis,Mongolia,Mesozoic,Cretaceous
Nature,The oldest known primate skeleton and early haplorhine evolution,2013,10.1038/nature12200,Archicebus achilles,China,Cenozoic,Eocene
Nature,New reptile shows dinosaurs and pterosaurs evolved among diverse precursors,2023,10.1038/s41586-023-06359-z,Venetoraptor gassenae,Brazil,Mesozoic,Triassic
Nature,An enigmatic plant-eating theropod from the Late Jurassic period of Chile,2015,10.1038/nature14307,Chilesaurus diegosuarezi,Chile,Mesozoic,Jurassic
Nature,A basal ichthyosauriform with a short snout from the Lower Triassic of China,2014,10.1038/nature13866,Cartorhynchus lenticarpus,China,Mesozoic,Triassic
Nature,A Silurian placoderm with osteichthyan-like marginal jaw bones,2013,10.1038/nature12617,Entelognathus primordialis,China,Paleozoic,Silurian
Nature,A new avialan theropod from an emerging Jurassic terrestrial fauna,2023,10.1038/s41586-023-06513-7,Fujianvenator prodigiosus,China,Mesozoic,Jurassic
Nature,Giant stem tetrapod was apex predator in Gondwanan late Palaeozoic ice age,2024,10.1038/s41586-024-07572-0,Gaiasia jennyae,Namibia,Paleozoic,Carboniferous
Nature,Earliest short-tailed bird from the Late Jurassic of China,2025,10.1038/s41586-024-08410-z,Baminornis zhenghensis,China,Mesozoic,Jurassic
Nature,Specialized appendages in fuxianhuiids and the head organization of early euarthropods,2013,10.1038/nature11874,Chengjiangocaris kunmingensis,China,Paleozoic,Cambrian
Nature,Specialized appendages in fuxianhuiids and the head organization of early euarthropods,2013,10.1038/nature11874,Fuxianhuia xiaoshibaensis,China,Paleozoic,Cambrian
Nature,An armoured Cambrian lobopodian from China with arthropod-like appendages,2011,10.1038/nature09704,Diania cactiformis,China,Paleozoic,Cambrian
Nature,Eocene lizard from Germany reveals amphisbaenian origins,2011,10.1038/nature09919,Cryptolacerta hassiaca,Germany,Cenozoic,Eocene
Nature,Late Cretaceous neornithine from Europe illuminates the origins of crown birds,2020,10.1038/s41586-020-2096-0,Asteriornis maastrichtensis,Belgium,Mesozoic,Cretaceous
Nature,A Triassic stem lepidosaur illuminates the origin of lizard-like reptiles,2021,10.1038/s41586-021-03834-3,Taytalura alcoberi ,Argentina,Mesozoic,Triassic
Nature,Cretaceous bird from Brazil informs the evolution of the avian skull and brain,2024,10.1038/s41586-024-08114-4,Navaornis hestiae ,Brazil,Mesozoic,Cretaceous
Nature,Africa’s oldest dinosaurs reveal early suppression of dinosaur distribution,2022,10.1038/s41586-022-05133-x,Mbiresaurus raathi ,Zimbabwe,Mesozoic,Triassic
Nature,A Silurian armoured aplacophoran and implications for molluscan phylogeny,2012,10.1038/nature11328,Kulindroplax perissokomos,United Kingdom,Paleozoic,Silurian
Nature,Organ systems of a Cambrian euarthropod larva,2024,10.1038/s41586-024-07756-8,Youti yuanshi ,China,Paleozoic,Cambrian
Nature,Three new Jurassic euharamiyidan species reinforce early divergence of mammals,2014,10.1038/nature13718,Shenshou lui,China,Mesozoic,Jurassic
Nature,Three new Jurassic euharamiyidan species reinforce early divergence of mammals,2014,10.1038/nature13718,Xianshou linglong,China,Mesozoic,Jurassic
Nature,Three new Jurassic euharamiyidan species reinforce early divergence of mammals,2014,10.1038/nature13718,Xianshou songa,China,Mesozoic,Jurassic
Nature,New infant cranium from the African Miocene sheds light on ape evolution,2017,10.1038/nature23456,Nyanzapithecus alesi,Kenya,Cenozoic,Miocene
Nature,The oldest known lepidosaur and origins of lepidosaur feeding adaptations,2025,10.1038/s41586-025-09496-9,Agriodontosaurus helsbypetrae,United Kingdom,Mesozoic,Triassic
Nature,A long-necked early dinosaur from a newly discovered Upper Triassic basin in the Andes,2025,10.1038/s41586-025-09634-3,Huayracursor jaguensis,Argentina,Mesozoic,Triassic
Nature,Fossoriality and evolutionary development in two Cretaceous mammaliamorphs,2021,10.1038/s41586-021-03433-2,Fossiomanus sinensis,China,Mesozoic,Cretaceous
Nature,Fossoriality and evolutionary development in two Cretaceous mammaliamorphs,2021,10.1038/s41586-021-03433-2,Jueconodon cheni,China,Mesozoic,Cretaceous
Nature,Nanotyrannus and Tyrannosaurus coexisted at the close of the Cretaceous,2025,10.1038/s41586-025-09801-6,Nanotyrannus lethaeus,United States,Mesozoic,Cretaceous
Nature,Eocene primates of South America and the African origins of New World monkeys,2015,10.1038/nature14120,Perupithecus ucayaliensis,Peru,Cenozoic,Eocene
Nature,Convergent evolution of diverse jaw joints in mammaliamorphs,2025,10.1038/s41586-025-09572-0,Polistodon chuannanensis,China,Mesozoic,Jurassic
Nature,Convergent evolution of diverse jaw joints in mammaliamorphs,2025,10.1038/s41586-025-09572-0,Camurocondylus lufengensis,China,Mesozoic,Jurassic
Nature,Spiny chondrichthyan from the lower Silurian of South China,2022,10.1038/s41586-022-05233-8,Fanjingshania renovata,China,Paleozoic,Silurian
Nature,Triassic stem caecilian supports dissorophoid origin of living amphibians,2023,10.1038/s41586-022-05646-5,Funcusvermis gilmorei,United States,Mesozoic,Triassic
Nature,A Jurassic eutherian mammal and divergence of marsupials and placentals,2011,10.1038/nature10291,Juramaia sinensis,China,Mesozoic,Jurassic
Nature,An early Cambrian euarthropod with radiodont-like raptorial appendages,2020,10.1038/s41586-020-2883-7,Kylinxia zhangi ,China,Paleozoic,Cambrian
Nature,New species from Ethiopia further expands Middle Pliocene hominin diversity,2015,10.1038/nature14448,Australopithecus deyiremeda,Ethiopia,Cenozoic,Pliocene
Nature,Transitional mammalian middle ear from a new Cretaceous Jehol eutriconodont,2011,10.1038/nature09921,Liaoconodon hui,China,Mesozoic,Cretaceous
Nature,An Early Cretaceous eutherian and the placental–marsupial dichotomy,2018,10.1038/s41586-018-0210-3,Ambolestes zhoui,China,Mesozoic,Cretaceous
Nature,Triassic diapsid shows early diversification of skin appendages in reptiles,2025,10.1038/s41586-025-09167-9,Mirasaura grauvogeli,France,Mesozoic,Triassic
Nature,Osteichthyan-like cranial conditions in an Early Devonian stem gnathostome,2015,10.1038/nature14065,Janusiscus schultzei,Russia,Paleozoic,Devonian
Nature,Late Cretaceous bird from Madagascar reveals unique development of beaks,2020,10.1038/s41586-020-2945-x,Falcatakely forsterae,Madagascar,Mesozoic,Cretaceous
Nature,New gliding mammaliaforms from the Jurassic,2017,10.1038/nature23476,Maiopatagium furculiferum,China,Mesozoic,Jurassic
Nature,Cretaceous ornithurine supports a neognathous crown bird ancestor,2022,10.1038/s41586-022-05445-y,Janavis finalidens,Belgium,Mesozoic,Cretaceous
Nature,A new species of Homo from the Late Pleistocene of the Philippines,2019,10.1038/s41586-019-1067-9,Homo luzonensis,Philippines,Cenozoic,Pleistocene
Nature,A new Miocene ape and locomotion in the ancestor of great apes and humans,2019,10.1038/s41586-019-1731-0,Danuvius guggenmosi,Germany,Cenozoic,Miocene
Nature,The earliest bird-line archosaurs and the assembly of the dinosaur body plan,2017,10.1038/nature22037,Teleocrater rhadinus,Tanzania,Mesozoic,Triassic
Nature,A gigantic feathered dinosaur from the Lower Cretaceous of China,2012,10.1038/nature10906,Yutyrannus huali,China,Mesozoic,Cretaceous
Nature,The oldest gnathostome teeth,2022,10.1038/s41586-022-05166-2,Qianodus duplicis,China,Paleozoic,Silurian
Nature,Bizarre tail weaponry in a transitional ankylosaur from subantarctic Chile,2021,10.1038/s41586-021-04147-1,Stegouros elengassen,Chile,Mesozoic,Cretaceous
Nature,A new elpistostegalian from the Late Devonian of the Canadian Arctic,2022,10.1038/s41586-022-04990-w,Qikiqtania wakei,Canada,Paleozoic,Devonian
Nature,A Palaeozoic shark with osteichthyan-like branchial arches,2014,10.1038/nature13195,Ozarcus mapesae,United States,Paleozoic,Carboniferous
Nature,Skeleton of a Cretaceous mammal from Madagascar reflects long-term insularity,2020,10.1038/s41586-020-2234-8,Adalatherium hui,Madagascar,Mesozoic,Cretaceous
Nature,A Jurassic mammaliaform and the earliest mammalian evolutionary adaptations,2013,10.1038/nature12429,Megaconus mammaliaformis,China,Mesozoic,Jurassic
Nature,A bizarre Jurassic maniraptoran theropod with preserved evidence of membranous wings,2015,10.1038/nature14423,Yi qi,China,Mesozoic,Jurassic
Nature,Ancestral morphology of crown-group molluscs revealed by a new Ordovician stem aculiferan,2017,10.1038/nature21055,Calvapilosa kroegeri,Morocco,Paleozoic,Ordovician
Nature,A middle Cambrian arthropod with chelicerae and proto-book gills,2019,10.1038/s41586-019-1525-4,Mollisonia plenovenatrix,Canada,Paleozoic,Cambrian
Nature,The giant bite of a new raptorial sperm whale from the Miocene epoch of Peru,2010,10.1038/nature09067,Leviathan melvillei,Peru,Cenozoic,Miocene
Nature,Galeaspid anatomy and the origin of vertebrate paired appendages,2022,10.1038/s41586-022-04897-6,Tujiaaspis vividus,China,Paleozoic,Silurian
Nature,A heavyweight early whale pushes the boundaries of vertebrate morphology,2023,10.1038/s41586-023-06381-1,Perucetus colossus,Peru,Cenozoic,Eocene
Nature,Jurassic shuotheriids show earliest dental diversification of mammaliaforms,2024,10.1038/s41586-024-07258-7,Feredocodon chowi,China,Mesozoic,Jurassic
Nature,Drosophila are hosts to the first described parasitoid wasp of adult flies,2024,10.1038/s41586-024-07919-7,,,,
Nature,Tubicolous enteropneusts from the Cambrian period,2013,10.1038/nature12017,Spartobranchus tenuis,Canada,Paleozoic,Cambrian
Nature,A Cretaceous eutriconodont and integument evolution in early mammals,2015,10.1038/nature14905,Spinolestes xenarthrosus,Spain,Mesozoic,Cretaceous
Nature,Morphology of the earliest reconstructable tetrapod Parmastega aelidae,2019,10.1038/s41586-019-1636-y,Parmastega aelidae,Russia,Paleozoic,Devonian
Nature,"A bizarre, humped Carcharodontosauria (Theropoda) from the Lower Cretaceous of Spain",2010,10.1038/nature09181,Concavenator corcovatus,Spain,Mesozoic,Cretaceous
Nature,A Jurassic gliding euharamiyidan mammal with an ear of five auditory bones,2017,10.1038/nature24483,Arboroharamiya allinhopsoni,China,Mesozoic,Jurassic
Nature,Ecologically distinct dinosaurian sister group shows early diversification of Ornithodira,2010,10.1038/nature08718,Asilisaurus kongwe,Tanzania,Mesozoic,Triassic
Nature,Burgess Shale fossils illustrate the origin of the mandibulate body plan,2017,10.1038/nature22080,Tokummia katalepsis,Canada,Paleozoic,Cambrian
Nature,A Jurassic avialan dinosaur from China resolves the early phylogenetic history of birds,2013,10.1038/nature12168,Aurornis xui,China,Mesozoic,Jurassic
Nature,Brain structure resolves the segmental affinity of anomalocaridid appendages,2014,10.1038/nature13486,Lyrarapax unguispinus,China,Paleozoic,Cambrian
Nature,A new Jurassic scansoriopterygid and the loss of membranous wings in theropod dinosaurs,2019,10.1038/s41586-019-1137-z,Ambopteryx longibrachium,China,Mesozoic,Jurassic
Nature,A Middle Triassic stem-turtle and the evolution of the turtle body plan,2015,10.1038/nature14472,Pappochelys rosinae,Germany,Mesozoic,Triassic
Nature,The evolution of mammal-like crocodyliforms in the Cretaceous Period of Gondwana,2010,10.1038/nature09061,Pakasuchus kapilimai,Tanzania,Mesozoic,Cretaceous
Nature,First cranial remains of a gondwanatherian mammal reveal remarkable mosaicism,2014,10.1038/nature13922,Vintana sertichi,Madagascar,Mesozoic,Cretaceous
Nature,Fossils document evolutionary changes of jaw joint to mammalian middle ear,2024,10.1038/s41586-024-07235-0,Dianoconodon youngi,China,Mesozoic,Jurassic
Nature,Highly specialized mammalian skulls from the Late Cretaceous of South America,2011,10.1038/nature10591,Cronopio dentiacutus,Argentina,Mesozoic,Cretaceous
Nature,New evidence for mammaliaform ear evolution and feeding adaptation in a Jurassic ecosystem,2017,10.1038/nature23483,Vilevolodon diplomylos,China,Mesozoic,Jurassic
Nature,A new arboreal haramiyid shows the diversity of crown mammals in the Jurassic period,2013,10.1038/nature12353,Arboroharamiya jenkinsi,China,Mesozoic,Jurassic
Nature, Acute vision in the giant Cambrian predator Anomalocaris and the origin of compound eyes ,2011,10.1038/nature10689,,,,
Nature,Late-surviving stem mammal links the lowermost Cretaceous of North America and Gondwana,2018,10.1038/s41586-018-0126-y,Cifelliodon wahkarmoosuch,United States,Mesozoic,Cretaceous
Science,Scimitar-crested Spinosaurus species from the Sahara caps stepwise spinosaurid radiation,2026,10.1126/science.adx5486,Spinosaurus mirabilis,Niger,Mesozoic,Cretaceous
Science,A Cambrian spiny stem mollusk and the deep homology of lophotrochozoan scleritomes,2024,10.1126/science.ado0059,Shishania aculeata,China,Paleozoic,Cambrian
Science,Early giant reveals faster evolution of large body size in ichthyosaurs than in cetaceans,2021,10.1126/science.abf5787,Cymbospondylus youngorum ,United States,Mesozoic,Triassic
Science,Island geography drives evolution of rattan palms in tropical Asian rainforests,2025,10.1126/science.adp3437,Dicolpopollis cenomanicus,Papua New Guinea,Mesozoic,Cretaceous
Science,Island geography drives evolution of rattan palms in tropical Asian rainforests,2025,10.1126/science.adp3437,Dicolpopollis novaguineensis,Papua New Guinea,Mesozoic,Cretaceous
Science,Marine origins and freshwater radiations of the otophysan fishes,2025,10.1126/science.adr4494,Acronichthys maccagnoi,Canada,Mesozoic,Cretaceous
Science,Earliest Evolution of Multituberculate Mammals Revealed by a New Jurassic Fossil,2011,10.1126/science.1237970,Rugosodon eurasiaticus,China,Mesozoic,Jurassic
Science,Miocene small-bodied ape from Eurasia sheds light on hominoid evolution,2015,10.1126/science.aab2625,Pliobates cataloniae,Spain,Cenozoic,Miocene
Science,Sexual selection promotes giraffoid head-neck evolution and ecological adaptation,2016,10.1126/science.abl8316,Discokeryx xiezhi,China,Cenozoic,Miocene
Science,Eocene Fagaceae from Patagonia and Gondwanan legacy in Asian rainforests,2019,10.1126/science.aaw5139,Castanopsis rothwellii,Argentina,Cenozoic,Eocene
Science,Eocene lantern fruits from Gondwanan Patagonia and the early origins of Solanaceae,2017,10.1126/science.aag2737,Physalis infinemundi,Argentina,Cenozoic,Eocene
Science,Oligocene primates from China reveal divergence between African and Asian primate evolution,2016,10.1126/science.aaf2107,Yunnanadapis folivorus ,China,Cenozoic,Oligocene
Science,Oligocene primates from China reveal divergence between African and Asian primate evolution,2016,10.1126/science.aaf2107,Yunnanadapis imperator,China,Cenozoic,Oligocene
Science,Oligocene primates from China reveal divergence between African and Asian primate evolution,2016,10.1126/science.aaf2107,Laomaki yunnanensis ,China,Cenozoic,Oligocene
Science,Oligocene primates from China reveal divergence between African and Asian primate evolution,2016,10.1126/science.aaf2107,Gatanthropus micros,China,Cenozoic,Oligocene
Science,Oligocene primates from China reveal divergence between African and Asian primate evolution,2016,10.1126/science.aaf2107,Oligotarsius rarus,China,Cenozoic,Oligocene
Science,Oligocene primates from China reveal divergence between African and Asian primate evolution,2016,10.1126/science.aaf2107,Bahinia banyueae ,China,Cenozoic,Oligocene
Science,Mesozoic mammaliaforms illuminate the origins of pelage coloration,2025,10.1126/science.ads9734,Arboroharamiya fuscus,China,Mesozoic,Jurassic
Science,Enigmatic amphibians in mid-Cretaceous amber were chameleon-like ballistic feeders,2020,10.1126/science.abb6005,Yaksha perettii,Myanmar,Mesozoic,Cretaceous
Science,A Silurian maxillate placoderm illuminates jaw evolution,2016,10.1126/science.aah3764,Qilinyu rostrata,China,Paleozoic,Silurian
Science,A tetrapod fauna from within the Devonian Antarctic Circle,2018,10.1126/science.aaq1645,Tutusius umlambo,South Africa,Paleozoic,Devonian
Science,A tetrapod fauna from within the Devonian Antarctic Circle,2018,10.1126/science.aaq1645,Umzantsia amazana,South Africa,Paleozoic,Devonian
Science,100-Million-Year Dynasty of Giant Planktivorous Bony Fishes in the Mesozoic Seas,2010,10.1126/science.1184743,Rhinconichthys taylori,United Kingdom,Mesozoic,Cretaceous
Science,New Jurassic mammaliaform sheds light on early evolution of mammal-like hyoid bones,2019,10.1126/science.aau9345,Microdocodon gracilis,China,Mesozoic,Jurassic
Science,A new biologic paleoaltimetry indicating Late Miocene rapid uplift of northern Tibet Plateau,2022,10.1126/science.abo2475,,,,
Science,Manta-like planktivorous sharks in Late Cretaceous oceans,2021,10.1126/science.abc1490,Aquilolamna milarcae,Mexico,Mesozoic,Cretaceous
Science,Out of Tibet: Pliocene Woolly Rhino Suggests High-Plateau Origin of Ice Age Megaherbivores,2011,10.1126/science.1206594,Coelodonta thibetana,China,Cenozoic,Pliocene
Science,A four-legged snake from the Early Cretaceous of Gondwana,2015,10.1126/science.aaa9208,Tetrapodophis amplectus,Brazil,Mesozoic,Cretaceous
Science,Evolutionary development in basal mammaliaforms as revealed by a docodontan,2015,10.1126/science.1260880,Docofossor brachydactylus,China,Mesozoic,Jurassic
Science,Australopithecus sediba: A New Species of Homo-Like Australopith from South Africa,2010,10.1126/science.1184944,Australopithecus sediba,South Africa,Cenozoic,Pleistocene
Science,An arboreal docodont from the Jurassic and mammaliaform ecological diversification,2015,10.1126/science.1260879,Agilodocodon scansorius,China,Mesozoic,Jurassic
Science,A Basal Dinosaur from the Dawn of the Dinosaur Era in Southwestern Pangaea,2011,10.1126/science.1198467,Eodromaeus murphi,Argentina,Mesozoic,Triassic
Science,Integrated hearing and chewing modules decoupled in a Cretaceous stem therian mammal,2019,10.1126/science.aay9220,Origolestes lii ,China,Mesozoic,Cretaceous
Science,An Early-Branching Microbialite Cyanobacterium Forms Intracellular Carbonates,2012,10.1126/science.1216171,,,,
JVP,First Neogene bat from India: implications for a possible radiation of Vespertilioninae during the Middle Miocene Climatic Optimum,2026,10.1080/02724634.2025.2611988,Nycticeinops kutchensis,India,Cenozoic,Miocene
JVP,"First Asian Record of Pantolestes (Mammalia, Pantolesta, Pantolestidae) From the Upper Eocene of Xinjiang, China",2026,10.1080/02724634.2026.2615027,Pantolestes densus,China,Cenozoic,Eocene
JVP,"Late Miocene/Pliocene divergence of zokors (Myospalacidae, Rodentia) of North Asia: phylogeny and paleobiogeography",2026,10.1080/02724634.2025.2607416,Sibirosiphneus ingenuus,Russia,Cenozoic,Pliocene
JVP,"Late Miocene/Pliocene divergence of zokors (Myospalacidae, Rodentia) of North Asia: phylogeny and paleobiogeography",2026,10.1080/02724634.2025.2607416,Sibirosiphneus seletiensis,Russia,Cenozoic,Pliocene
JVP,High paleolatitude onychodont and rhizodont remains from the upper Famennian (Upper Devonian) Waterloo Farm lagerstätte of South Africa,2026,10.1080/02724634.2025.2576738,Amazinyomakhulu mallinsonia,South Africa,Paleozoic,Devonian
JVP,"The first geikiid dicynodont, Aulacephalodon kapoliwacela, sp. nov. (Therapsida, Anomodontia), from the upper Madumabisa Mudstone Formation, Zambia",2025,10.1080/02724634.2024.2446603,Aulacephalodon kapoliwacela,Zambia,Paleozoic,Permian
JVP,"Dicynodontoides kubwa, sp. nov. (Synapsida: Anomodontia), a new large emydopoid from the base of the Usili Formation (Ruhuhu Basin, Tanzania)",2025,10.1080/02724634.2024.2440112,Dicynodontoides kubwa,Tanzania,Paleozoic,Permian
JVP,"Arctops umulunshi, sp. nov. (Therapsida: Gorgonopsia) from the upper Madumabisa Mudstone Formation of Zambia, with new information on gorgonopsian postcranial anatomy",2025,10.1080/02724634.2024.2444405,Arctops umulunshi,Zambia,Paleozoic,Permian
JVP,"Infernodrakon hastacollis gen. et sp. nov., a new azhdarchid pterosaur from the Hell Creek Formation of Montana, and the pterosaur diversity of Maastrichtian North America",2025,10.1080/02724634.2024.2442476,Infernodrakon hastacollis,United States,Mesozoic,Cretaceous
JVP,"The first occurrence of Cainochoerus (Mammalia, Artiodactyla, Suidae) from the Late Miocene Lemudong’o Formation, Kenya",2025,10.1080/02724634.2025.2583028,,,,
JVP,A new large species of weakfish (Acanthuriformes: Sciaenidae: Cynoscion) from the Upper Miocene of Argentina,2025,10.1080/02724634.2025.2579188,Cynoscion cionei,Argentina,Cenozoic,Miocene
JVP,Taxonomic reassessment of archosaurs with dinosaurian affinities from the lower fauna of the Upper Triassic Maleri Formation of India and their significance,2025,10.1080/02724634.2025.2546434,,,,
JVP,"New species of the plesiadapiform Paromomys Gidley (Primates, Paromomyidae) from the Paleocene of southwestern Alberta, Canada",2025,10.1080/02724634.2025.2549081,Paromomys borealis,Canada,Cenozoic,Paleocene
JVP,"New species of the plesiadapiform Paromomys Gidley (Primates, Paromomyidae) from the Paleocene of southwestern Alberta, Canada",2025,10.1080/02724634.2025.2549081,Paromomys ignis,Canada,Cenozoic,Paleocene
JVP,"A new, diminutive, heterodont neosuchian from the Vaughn Member of the Blackleaf Formation (Cenomanian), southwest Montana, and implications for the paleoecology of heterodont neosuchians",2025,10.1080/02724634.2025.2542185,Thikarisuchus xenodentes,United States,Mesozoic,Cretaceous
JVP,"Jurassic teleost diversity and abundance changes, recorded by otolith and cephalopod statolith assemblages",2025,10.1080/02724634.2025.2513091,Pteralbula jurassica,United Kingdom,Mesozoic,Jurassic
JVP,"Jurassic teleost diversity and abundance changes, recorded by otolith and cephalopod statolith assemblages",2025,10.1080/02724634.2025.2513091,Pteralbula ventai,Lithuania,Mesozoic,Jurassic
JVP,"Jurassic teleost diversity and abundance changes, recorded by otolith and cephalopod statolith assemblages",2025,10.1080/02724634.2025.2513091,Protalbula dorsetensis,United Kingdom,Mesozoic,Jurassic
JVP,"Jurassic teleost diversity and abundance changes, recorded by otolith and cephalopod statolith assemblages",2025,10.1080/02724634.2025.2513091,Palealbula crenulata,United Kingdom,Mesozoic,Jurassic
JVP,"Jurassic teleost diversity and abundance changes, recorded by otolith and cephalopod statolith assemblages",2025,10.1080/02724634.2025.2513091,Juraelops prodigiosum,United Kingdom,Mesozoic,Jurassic
JVP,"Jurassic teleost diversity and abundance changes, recorded by otolith and cephalopod statolith assemblages",2025,10.1080/02724634.2025.2513091,Vodyanoi schwarzhansi,Poland,Mesozoic,Jurassic
JVP,"Jurassic teleost diversity and abundance changes, recorded by otolith and cephalopod statolith assemblages",2025,10.1080/02724634.2025.2513091,Vodyanoi stringeri,Poland,Mesozoic,Jurassic
JVP,"Jurassic teleost diversity and abundance changes, recorded by otolith and cephalopod statolith assemblages",2025,10.1080/02724634.2025.2513091,Archaeotolithus solidus,Poland,Mesozoic,Jurassic
JVP,"New fossil mammal remains from the Chorrillo Formation (Maastrichtian, Upper Cretaceous), Santa Cruz Province, Argentina",2025,10.1080/02724634.2025.2531263,Magallanodon terrwerr,Argentina,Mesozoic,Cretaceous
JVP,A new neosuchian crocodyliform from the Lower Cretaceous (Aptian–Albian) Holly Creek Formation of southwest Arkansas and its implications on the relationships of Goniopholididae,2025,10.1080/02724634.2025.2536843,Paarthurnax holliensis,United States,Mesozoic,Cretaceous
JVP,"A new itasuchid (Crocodyliformes, Notosuchia) from the Early Cretaceous of Mali and the ancient Paleo-Tegama river system of Gondwana",2025,10.1080/02724634.2025.2505473,Sissokosuchus maliensis,Mali,Mesozoic,Cretaceous
JVP,"A new armigatid fish (Clupeomorpha, Ellimmichthyiformes) from the Lower Cretaceous of northeastern Italy",2025,10.1080/02724634.2025.2514113,Armigatus simonettoi,Italy,Mesozoic,Cretaceous
JVP,A new species of Morsoravidae sheds light on beak and limb morphology in stem passerines,2025,10.1080/02724634.2025.2514121,Consoravis turdirostris,United States,Cenozoic,Eocene
JVP,"Oligocene flatfishes (Teleostei, Pleuronectiformes) of the Outer Carpathian Basin",2025,10.1080/02724634.2025.2520490,Oligobothus polonicus,Poland,Cenozoic,Oligocene
JVP,"Oligocene flatfishes (Teleostei, Pleuronectiformes) of the Outer Carpathian Basin",2025,10.1080/02724634.2025.2520490,Oligosolea carpathica,Poland,Cenozoic,Oligocene
JVP,"Acanthodian fauna of the Upper Devonian Waterloo Farm Lagerstätte, South Africa",2025,10.1080/02724634.2025.2526538,,,,
JVP,A new articulated Upper Devonian (upper Famennian) groenlandaspidid fish (Arthrodira) from Belarus,2025,10.1080/02724634.2025.2529916,Albarutheniaspis bessonovae,Belarus,Paleozoic,Devonian
JVP,A new moradisaurine captorhinid from the Upper Permian (Lopingian) upper Madumabisa Mudstone Formation (Luangwa Basin) of Zambia,2025,10.1080/02724634.2024.2427529,Amenoyengi mpunduensis,Zambia,Paleozoic,Permian
JVP,"A new cryptodont dicynodont (Therapsida, Anomodontia) from the Lopingian Usili Formation, Ruhuhu Basin, Tanzania",2025,10.1080/02724634.2024.2441898,Mdomowabata trilobops,Tanzania,Paleozoic,Permian
JVP,"The first Paleozoic temnospondyl from Zambia: a new species of Rhineceps from the Permian Madumabisa Mudstone Formation, Mid-Zambezi Basin",2025,10.1080/02724634.2025.2451312,Rhineceps karibaensis,Zambia,Paleozoic,Permian
JVP,Permian origins of the Lystrosauridae (Therapsida: Dicynodontia),2025,10.1080/02724634.2025.2451813,Euptychognathus kingae,Zambia,Paleozoic,Permian
JVP,Permian origins of the Lystrosauridae (Therapsida: Dicynodontia),2025,10.1080/02724634.2025.2451813,Madumabisa opainion,Zambia,Paleozoic,Permian
JVP,Permian origins of the Lystrosauridae (Therapsida: Dicynodontia),2025,10.1080/02724634.2025.2451813,Lystrosauravus bothae,South Africa,Paleozoic,Permian
JVP,"Origin of conglomerate-hosted bonebeds at the base of the upper Permian Usili Formation, Ruhuhu Basin, Tanzania",2025,10.1080/02724634.2025.2466442,,,,
JVP,"The postcranial anatomy of Kembawacela kitchingi (Therapsida, Anomodontia) and the functional diversity of cistecephalid forelimbs",2025,10.1080/02724634.2025.2486068,,,,
JVP,"New species and records of Kowalskia (Cricetidae, Rodentia) from Lufengpithecus hominoid locality of Yuanmou, Southwest China",2025,10.1080/02724634.2025.2486070,Kowalskia hanae,China,Cenozoic,Miocene
JVP,"New species and records of Kowalskia (Cricetidae, Rodentia) from Lufengpithecus hominoid locality of Yuanmou, Southwest China",2025,10.1080/02724634.2025.2486070,Kowalskia weni,China,Cenozoic,Miocene
JVP,"Scale histology in the Early Jurassic fish Pachycormus (Actinopterygii, Pachycormidae)",2025,10.1080/02724634.2025.2493164,,,,
JVP,"A new onychodontid (Osteichthyes, Sarcopterygii) from the Upper Devonian (Frasnian) of Devon Island, Nunavut Territory, Canada",2025,10.1080/02724634.2025.2498448,Onychodus mikijuk,Canada,Paleozoic,Devonian
JVP,A new predatory actinopterygian from the Tournaisian of Nova Scotia provides insight into the evolution of actinopterygian feeding,2025,10.1080/02724634.2025.2498453,Sphyragnathus tyche,Canada,Paleozoic,Carboniferous
JVP,"Biogeographic and biostratigraphic implications of a new species of Swaindelphys (Mammalia, Metatheria) from the Paleocene (Tiffanian) Black Peaks Formation, Big Bend National Park, Texas",2025,10.1080/02724634.2025.2500501,Swaindelphys solastella,United States,Cenozoic,Paleocene
JVP,The paleobiology of a new osmeriform fish species from Australia,2025,10.1080/02724634.2024.2445684,Ferruaspis brocksi,Australia,Cenozoic,Miocene
JVP,"A new anthracothere (Hippopotamoidea, Anthracotheriidae) from Oligocene deposits of southern Thailand",2025,10.1080/02724634.2025.2467012,Oligokeryx khiansaensis,Thailand,Cenozoic,Oligocene
JVP,"A new species of the ray-finned fish Saurichthys (Actinopterygii) from the Dockum Group of Texas (Upper Triassic, Norian) highlights the late appearance of elongate jaws in neopterygians",2025,10.1080/02724634.2025.2470026,Saurichthys justitias,United States,Mesozoic,Triassic
JVP,"Early Eocene pelodryadid from the Tingamarra Local Fauna, Murgon, southeastern Queensland, Australia, and a new fossil calibration for molecular phylogenies of frogs",2025,10.1080/02724634.2025.2477815,Litoria tylerantiqua,Australia,Cenozoic,Eocene
JVP,Revised nomenclature for a Miocene giraffid: Lyrakeryx sherkana nomen novum from the Siwaliks of Pakistan,2025,10.1080/02724634.2025.2477935,Lyrakeryx sherkana,Pakistan,Cenozoic,Miocene
JVP,Oldest record of Cenozoic terrestrial vertebrates (Chiroptera) from Madagascar,2025,10.1080/02724634.2025.2488447,Madanycteris razana,Madagascar,Cenozoic,Miocene
JVP,"A new hypsocormine pachycormid from the Upper Jurassic Nusplingen Plattenkalk (Kimmeridgian, Germany) provides new insights into body plan evolution and scale reduction in Pachycormidae (Actinopterygii)",2025,10.1080/02724634.2025.2490123,Simocormus seyboldi,Germany,Mesozoic,Jurassic
JVP,"A new crocodylomorph (Pseudosuchia, Crocodylomorpha) from the Upper Triassic of Texas and its phylogenetic relationships",2025,10.1080/02724634.2024.2446604,Pattisaura gracilis,United States,Mesozoic,Triassic
JVP,"Anatomical description and systematics of a new notosuchian (Mesoeucrocodylia; Crocodyliformes) from the Quiricó Formation, Lower Cretaceous, Sanfranciscana Basin, Brazil",2025,10.1080/02724634.2025.2452947,Thilastikosuchus scutorectangularis,Brazil,Mesozoic,Cretaceous
JVP,"A new species of Urva (Herpestidae, Carnivora) from late Upper Pleistocene deposits of East Fissure-Fillings, Fanchang, Anhui Province of Eastern China",2025,10.1080/02724634.2025.2453603,Urva fanchangensis,China,Cenozoic,Pleistocene
JVP,A doswelliid archosauriform from the Upper Triassic (Carnian) Stuttgart Formation of Thuringia (Germany),2025,10.1080/02724634.2025.2455949,Thuringopelta werneburgi,Germany,Mesozoic,Triassic
JVP,"A new assemblage of Lower Triassic neoselachians (Chondrichthyes) from the Grippia Bonebed of Spitsbergen, Norway",2025,10.1080/02724634.2024.2426544,Synechodus rotheliusi,Norway,Mesozoic,Triassic
JVP,"A new assemblage of Lower Triassic neoselachians (Chondrichthyes) from the Grippia Bonebed of Spitsbergen, Norway",2025,10.1080/02724634.2024.2426544,Wimanodon marmieri,Norway,Mesozoic,Triassic
JVP,"A new assemblage of Lower Triassic neoselachians (Chondrichthyes) from the Grippia Bonebed of Spitsbergen, Norway",2025,10.1080/02724634.2024.2426544,Eorapax serrasis,Norway,Mesozoic,Triassic
JVP,A new ornithomimid theropod from the Upper Cretaceous Bissekty Formation of Uzbekistan,2025,10.1080/02724634.2024.2433759,,,,
JVP,"First record of Borealosuchus sternbergii from the lower Paleocene Denver Formation (lower Danian), Colorado (Denver Basin)",2025,10.1080/02724634.2024.2434214,,,,
JVP,"Morphology of the toothed mysticete Fucaia goedertorum and a reassessment of Aetiocetidae (Cetacea, Mysticeti)",2025,10.1080/02724634.2024.2436924,,,,
JVP,A new paratypothoracin aetosaur (Archosauria: Pseudosuchia) from the Upper Triassic Dharmaram Formation of India and its biostratigraphic implications,2025,10.1080/02724634.2024.2439533,Kuttysuchus minori,India,Mesozoic,Triassic
JVP,"Cranial anatomy of the hypercarnivore Bastetodon syrtos gen. nov. (Hyaenodonta, Hyainailourinae) and a reevaluation of Pterodon in Africa",2025,10.1080/02724634.2024.2442472,,,,
JVP,A latest Paleocene mammal fauna from the Great Divide Basin in southern Wyoming and a revised biozonation of the Clarkforkian land mammal age,2024,10.1080/02724634.2024.2424139,Phenacolemur cavatus,United States,Cenozoic,Paleocene
JVP,"A remarkable Palaeoloxodon (Mammalia, Proboscidea) skull from the intermontane Kashmir Valley, India",2024,10.1080/02724634.2024.2396821,,,,
JVP,"Romaleodelphis pollerspoecki, gen. et sp. nov., an archaic dolphin from the Central Paratethys (Early Miocene, Austria)",2024,10.1080/02724634.2024.2401503,Romaleodelphis pollerspoecki,Austria,Cenozoic,Miocene
JVP,"Postcranial anatomy of Dsungaripterus weii (Pterosauria: Ornithocheiroidea) from the Lower Cretaceous of Wuerho, China",2024,10.1080/02724634.2024.2402042,,,,
JVP,A platypterygiid ichthyosaur from the Cenomanian of central New Zealand,2024,10.1080/02724634.2024.2408391,,,,
JVP,"Hyracoidea from the Oligocene of Topernawi, Turkana Basin, Kenya",2024,10.1080/02724634.2024.2409326,Nengohyrax josephi,Kenya,Cenozoic,Oligocene
JVP,"Hyracoidea from the Oligocene of Topernawi, Turkana Basin, Kenya",2024,10.1080/02724634.2024.2409326,Abdahyrax philipi,Kenya,Cenozoic,Oligocene
JVP,"Hyracoidea from the Oligocene of Topernawi, Turkana Basin, Kenya",2024,10.1080/02724634.2024.2409326,Geniohyus ewoii,Kenya,Cenozoic,Oligocene
JVP,"Hyracoidea from the Oligocene of Topernawi, Turkana Basin, Kenya",2024,10.1080/02724634.2024.2409326,Thyrohyrax lokutani,Kenya,Cenozoic,Oligocene
JVP,"Hyracoidea from the Oligocene of Topernawi, Turkana Basin, Kenya",2024,10.1080/02724634.2024.2409326,Thyrohyrax ekaii,Kenya,Cenozoic,Oligocene
JVP,A new Late Miocene stem Octodontoid (Rodentia: Caviomorpha: Octochinchilloi) from the Solimões Formation (Brazil): paleobiogeographic implications,2024,10.1080/02724634.2024.2382822,Acarechimys hunikuini,Brazil,Cenozoic,Miocene
JVP,"Three new thylacinids (Marsupialia, Thylacinidae) from late Oligocene deposits of the Riversleigh World Heritage Area, northwestern Queensland",2024,10.1080/02724634.2024.2384595,Badjcinus timfaulkneri,Australia,Cenozoic,Oligocene
JVP,"Three new thylacinids (Marsupialia, Thylacinidae) from late Oligocene deposits of the Riversleigh World Heritage Area, northwestern Queensland",2024,10.1080/02724634.2024.2384595,Nimbacinus peterbridgei,Australia,Cenozoic,Oligocene
JVP,"Three new thylacinids (Marsupialia, Thylacinidae) from late Oligocene deposits of the Riversleigh World Heritage Area, northwestern Queensland",2024,10.1080/02724634.2024.2384595,Ngamalacinus nigelmarveni,Australia,Cenozoic,Oligocene
JVP,New Early Cretaceous zalambdalestid stem placental mammal from Mongolia and evolution of Zalambdalestidae,2024,10.1080/02724634.2024.2384601,Prozalambdalestes cratodus,Mongolia,Mesozoic,Cretaceous
JVP,New pterosaur remains from the Late Cretaceous of Afro-Arabia provide insight into flight capacity of large pterosaurs,2024,10.1080/02724634.2024.2385068,Arambourgiania philadelphiae,Jordan,Mesozoic,Cretaceous
JVP,New pterosaur remains from the Late Cretaceous of Afro-Arabia provide insight into flight capacity of large pterosaurs,2024,10.1080/02724634.2024.2385068,Inabtanin alarabia,Jordan,Mesozoic,Cretaceous
JVP,"Vertebrate paleontology of the Cloverly Formation (Lower Cretaceous), IV: the oldest edentulous frog (Salientia) from Laurasia",2024,10.1080/02724634.2024.2399102,Ostrombatrachos nodos,United States,Mesozoic,Cretaceous
JVP,"Crocodylian diversity during the early Eocene climatic optimum in the Golden Valley Formation of North Dakota, U.S.A.",2024,10.1080/02724634.2024.2403579,Ahdeskatanka russlanddeutsche,United States,Cenozoic,Eocene
JVP,Revealing the diversity of Paleogene cingulates from Brazil: a new species of Parutaetus (Euphractinae) in the Guabirotuba Formation (middle–late Eocene),2024,10.1080/02724634.2024.2403581,Parutaetus oliveirai,Brazil,Cenozoic,Eocene
JVP,"Taxonomic revision and type specimens’ location of jianghanichthyids (Ostariophysii: Cypriniformes) from Buxin Formation, Sanshui Basin, China",2024,10.1080/02724634.2024.2342857,,,,
JVP,A new lizard-like reptile with unusual mandibular neurovasculature from the Upper Triassic of Virginia,2024,10.1080/02724634.2024.2353636,Idiosaura virginiensis,United States,Mesozoic,Triassic
JVP,Osteology and phylogenetic relationships of a new archosauriform reptile from the Middle Triassic (Anisian) of Germany,2024,10.1080/02724634.2024.2357326,Marcianosuchus angustifrons,Germany,Mesozoic,Triassic
JVP,A new drepanosauromorph (Diapsida) from East–Central New Mexico and diversity of drepanosaur morphology and ecology at the Upper Triassic Homestead Site at Garita Creek (Triassic: mid-Norian),2024,10.1080/02724634.2024.2363202,Unguinychus onyx,United States,Mesozoic,Triassic
JVP,The first troodontid (Dinosauria: Theropoda) from the Upper Cretaceous Baruungoyot Formation of Mongolia,2024,10.1080/02724634.2024.2364746,Harenadraco prima,Mongolia,Mesozoic,Cretaceous
JVP,"A new lungfish from the Upper Triassic of the Mid-Zambezi Basin, Zimbabwe",2024,10.1080/02724634.2024.2365391,Ferganoceratodus edwardsi,Zimbabwe,Mesozoic,Triassic
JVP,"The galliform birds from the Lower Eocene London Clay of Walton-on-the-Naze (Essex, U.K.): New species suggest faunal connections to Asia",2024,10.1080/02724634.2024.2374305,Paraortygoides argillae,United States,Cenozoic,Eocene
JVP,"The galliform birds from the Lower Eocene London Clay of Walton-on-the-Naze (Essex, U.K.): New species suggest faunal connections to Asia",2024,10.1080/02724634.2024.2374305,Waltonortyx bumbanipodiides,United States,Cenozoic,Eocene
JVP,A remarkable diversity of waterfowl (Aves: Anseriformes) from the Upper Eocene and Lower Oligocene of Kazakhstan,2024,10.1080/02724634.2024.2374306,Uyrekura chalkarica,Kazakhstan,Cenozoic,Oligocene
JVP,A remarkable diversity of waterfowl (Aves: Anseriformes) from the Upper Eocene and Lower Oligocene of Kazakhstan,2024,10.1080/02724634.2024.2374306,Mionetta turgaiensis,Kazakhstan,Cenozoic,Oligocene
JVP,"A new freshwater lonchidiid hybodontiform shark (Chondrichthyes, Elasmobranchii) from the Upper Triassic Momonoki Formation in Yamaguchi, Japan",2024,10.1080/02724634.2024.2322749,Parvodus ominechonensis,Japan,Mesozoic,Triassic
JVP,A new species of Palacrodon and a unique form of tooth attachment in reptiles,2024,10.1080/02724634.2024.2328658,Palacrodon parkeri,United States,Mesozoic,Triassic
JVP,"Comments on the cranial and pectoral girdle osteology of Lepidotes gigas (Actinopterygii, Lepisosteiformes) from the Lower Jurassic (lower Toarcian) of Germany",2024,10.1080/02724634.2024.2330586,,,,
JVP,"A new pterosaur from the Middle Jurassic of Skye, Scotland and the early diversification of flying reptiles",2024,10.1080/02724634.2023.2298741,Ceoptera evansae,Scotland,Mesozoic,Jurassic
JVP,"A new species of Lates (Perciformes, Latidae) from the Late Miocene of Ukraine and notes on the latest records of lates perches in the Eastern Paratethys",2024,10.1080/02724634.2023.2299314,Lates odessanus,Ukraine,Cenozoic,Miocene
JVP,"A new gyracanthid (stem Chondrichthyes) from the Late Devonian (Famennian) of the Eastern Cape, South Africa",2024,10.1080/02724634.2024.2305888,Gyracanthides riniensis,South Africa,Paleozoic,Devonian
JVP,"An unexpected early-diverging iguanodontian dinosaur (Ornithischia, Ornithopoda) from the Upper Jurassic of Portugal",2024,10.1080/02724634.2024.2310066,Hesperonyx martinhotomasorum,Portugal,Mesozoic,Jurassic
JVP,"A new gyracanthid from the Mississippian of Delta, Iowa, U.S.A.",2024,10.1080/02724634.2024.2310721,Gyracanthus jasperi,United States,Paleozoic,Carboniferous
JVP,The first eutriconodontan mammal from the Cretaceous (Maastrichtian) of India,2024,10.1080/02724634.2024.2312234,Indotriconodon magnus,India,Mesozoic,Cretaceous
JVP,An anatomical reappraisal of the dwarf crocodylian Arambourgia gaudryi from the Eocene of Quercy (France) using CT data and its implications for the phylogeny and paleoecology of basally branching alligatoroids,2024,10.1080/02724634.2024.2313612,,,,
JVP,A new stem-tetrapod fish from the Middle–Late Devonian of central Australia,2024,10.1080/02724634.2023.2285000,Harajicadectes zhumini,Australia,Paleozoic,Devonian
JVP,"Oldest record of Apatemyidae (Mammalia, Apatotheria) from Spain and the taxonomic status of Spanish paromomyids (Mammalia, Primatomorpha)",2024,10.1080/02724634.2023.2288651,,,,
JVP,"Unraveling the diversity of early felines: a new genus of Felinae (Carnivora, Felidae) from the Middle Miocene of Madrid (Spain)",2024,10.1080/02724634.2023.2288924,Magerifelis peignei,Spain,Cenozoic,Miocene
JVP,New ctenacanth sharks (Chondrichthyes; Elasmobranchii; Ctenacanthiformes) from the Middle to Late Mississippian of Kentucky and Alabama,2024,10.1080/02724634.2023.2292599,Troglocladodus trimblei,United States,Paleozoic,Carboniferous
JVP,New ctenacanth sharks (Chondrichthyes; Elasmobranchii; Ctenacanthiformes) from the Middle to Late Mississippian of Kentucky and Alabama,2024,10.1080/02724634.2023.2292599,Glikmanius careforum,United States,Paleozoic,Carboniferous
JVP,"New early and middle Eocene artiodactyls from the Erlian Basin, Inner Mongolia, China",2024,10.1080/02724634.2023.2294006,Paraphenacodus gabuniai,China,Cenozoic,Eocene
JVP,"New early and middle Eocene artiodactyls from the Erlian Basin, Inner Mongolia, China",2024,10.1080/02724634.2023.2294006,Irdinodon bicuspidata,China,Cenozoic,Eocene
JVP,"New early and middle Eocene artiodactyls from the Erlian Basin, Inner Mongolia, China",2024,10.1080/02724634.2023.2294006,Aliusuellus laolii,China,Cenozoic,Eocene
JVP,"Tusked walruses (Carnivora: Odobenidae) from the Miocene–Pliocene Purisima Formation of Santa Cruz, California (U.S.A.): a new species of the toothless walrus Valenictus and the oldest records of Odobeninae and Odobenini",2024,10.1080/02724634.2023.2296567,Valenictus sheperdi,United States,Cenozoic,Pliocene
JVP,"Butyrumichthys henricii gen. et sp. nov.: a new stromateiform fish from the lower Eocene Fur Formation, Denmark",2023,10.1080/02724634.2023.2171798,Butyrumichthys henricii,Denmark,Cenozoic,Eocene
JVP,"A saw-toothed eel †Serrivomer glehni sp. nov. from the Miocene of Sakhalin Island, north-western Pacific",2023,10.1080/02724634.2023.2261505,Serrivomer glehni,Russia,Cenozoic,Miocene
JVP,"A new kannemeyeriiform dicynodont (Synapsida) from a Late Triassic vertebrate assemblage in west Texas, U.S.A.",2023,10.1080/02724634.2023.2255236,Argodicynodon boreni,United States,Mesozoic,Triassic
JVP,"A large, freshwater chanid fish (Ostariophysi: Gonorynchiformes) from the Upper Cretaceous of Madagascar",2023,10.1080/02724634.2023.2255630,Vango fahiny,Madagascar,Mesozoic,Cretaceous
JVP,The first small-bodied ornithopod dinosaur from the Lewisville Formation (middle Cenomanian) of Texas,2023,10.1080/02724634.2023.2257238,Ampelognathus coheni,United States,Mesozoic,Cretaceous
JVP,A new eutherian mammal from the Upper Cretaceous Bayinshire Formation of Mongolia,2023,10.1080/02724634.2023.2281478,Bayshinoryctes shuvalovi,Mongolia,Mesozoic,Cretaceous
JVP,A new clevosaurid (Lepidosauria: Rhynchocephalia) from the Upper Triassic of India,2023,10.1080/02724634.2023.2232833,Clevosaurus nicholasi,India,Mesozoic,Triassic
JVP,"A new sturgeon from the Upper Cretaceous Horseshoe Canyon Formation in central Alberta, Canada",2023,10.1080/02724634.2023.2232846,Boreiosturion labyrinthicus,Canada,Mesozoic,Cretaceous
JVP,"Pliocene Pre-GABI herbivorous mammals from Espinar, Peruvian Andean Plateau",2023,10.1080/02724634.2023.2237079,Andinoglyptodon mollohuancai,Peru,Cenozoic,Pliocene
JVP,"A new Rattus species and its associated micromammals from the Pliocene Yangyi Formation in Baoshan, western Yunnan, China",2023,10.1080/02724634.2023.2249063,Rattus baoshanensis,China,Cenozoic,Pliocene
JVP,"A new typothoracine aetosaur (Archosauria, Pseudosuchia) from the Upper Triassic of India with insights on biostratigraphy, diversification, and paleobiogeography",2023,10.1080/02724634.2023.2253292,Venkatasuchus armatum,India,Mesozoic,Triassic
JVP,"New fossils, new ideas: selected contributions of vertebrate paleontology to scientific knowledge",2023,10.1080/02724634.2022.2267264,,,,
JVP,"A new titanosaurian (Dinosauria: Sauropoda) from the Upper Cretaceous (Campanian) Quseir Formation of the Kharga Oasis, Egypt",2023,10.1080/02724634.2023.2199810,Igai semkhu,Egypt,Mesozoic,Cretaceous
JVP,A new lapillopsid from Antarctica and a reappraisal of the phylogenetic relationships of early diverging stereospondyls,2023,10.1080/02724634.2023.2216260,Rhigerpeton isbelli,Antarctica,Mesozoic,Triassic
JVP,A stem therian mammal from the Lower Cretaceous of Germany,2023,10.1080/02724634.2023.2224848,Spelaeomolitor speratus,Germany,Mesozoic,Cretaceous
JVP,A new amphibamiform (Temnospondyli: Branchiosauridae) from the lower Permian of the Czech Boskovice Basin,2023,10.1080/02724634.2023.2231994,Piasimotriton kochovi,Czech Republic,Paleozoic,Permian
JVP,A new squaloziphiid-like odontocete from the Early Miocene of Patagonia expands the cetacean diversity in the southwestern Atlantic Ocean,2023,10.1080/02724634.2023.2232425,Crisocetus lydekkeri,Argentina,Cenozoic,Miocene
JVP,"A new chigutisaurid (Brachyopoidea, Temnospondyli) with soft tissue preservation from the Triassic Sydney Basin, New South Wales, Australia",2023,10.1080/02724634.2023.2232829,Arenaerpeton supinatus,Australia,Mesozoic,Triassic
JVP,Ancestral radiation of paenungulate mammals (Paenungulatomorpha)—new evidence from the Paleocene of Morocco,2023,10.1080/02724634.2023.2197971,Hadrogeneios phosphaticus,Morocco,Cenozoic,Paleocene
JVP,"Second species of Eusthenodon (Tristichopteridae, Sarcopterygii) from the Upper Devonian (Famennian) Catskill Formation of Pennsylvania, U.S.A., and a review of global Eusthenodon occurrence",2023,10.1080/02724634.2023.2201627,Eusthenodon wangsjoi,United States,Paleozoic,Carboniferous
JVP,A new pelican (Aves: Pelecanidae) from the Upper Miocene of Argentina: new clues about the origin of the New World lineages,2023,10.1080/02724634.2023.2202702,Pelecanus paranensis,Argentina,Cenozoic,Miocene
JVP,The tetrapod fauna of the upper Permian Naobaogou Formation of China: 9. A new species of Gansurhinus (Reptilia: Captorhinidae) and a revision of Chinese captorhinids,2023,10.1080/02724634.2023.2203200,Gansurhinus naobaogouensis,China,Paleozoic,Permian
JVP,"A new old Budgett frog: an articulated skeleton of an Early Pliocene Lepidobatrachus (Anura, Ceratophryidae) from western Argentina",2023,10.1080/02724634.2023.2207092,Lepidobatrachus dibumartinez,Argentina,Cenozoic,Pliocene
JVP,Evolutionary convergence in a small cursorial styracosternan ornithopod dinosaur from western Europe,2023,10.1080/02724634.2023.2210632,Calvarius rapidus,Spain,Mesozoic,Cretaceous
JVP,"Anguimorph lizards from the lower Eocene (MP 10–11) of the Cos locality, Phosphorites du Quercy, France, and the early evolution of Glyptosaurinae in Europe",2023,10.1080/02724634.2023.2211646,Sullivania gallica,France,Cenozoic,Eocene
JVP,Turtle eggs from the Lower Cretaceous Hasandong Formation (South Korea) with relict aragonite under significant thermal maturity,2023,10.1080/02724634.2023.2183866,,,,
JVP,"Iguanian lizards (Acrodonta and Pleurodonta) from the earliest Eocene (MP 7) of Dormaal, Belgium: the first stages of these iconic reptiles in Europe",2023,10.1080/02724634.2023.2184696,Bifurcodentodon ragei,Belium,Cenozoic,Eocene
JVP,A remarkable new paleotheriid (Mammalia) in the endemic Iberian Eocene perissodactyl fauna,2023,10.1080/02724634.2023.2189447,Idiodontherium martindejesusi,Spain,Cenozoic,Eocene
JVP,A remarkable new paleotheriid (Mammalia) in the endemic Iberian Eocene perissodactyl fauna,2023,10.1080/02724634.2023.2189447,Idiodontherium astibiai,Spain,Cenozoic,Eocene
JVP,"A new pachycephalosaurid from the Hell Creek Formation, Garfield County, Montana, U.S.A.",2023,10.1080/02724634.2023.2190369,Platytholus clemensi,United States,Mesozoic,Cretaceous
JVP,Anatomy and phylogeny of an exceptionally large sebecid (Crocodylomorpha) from the middle Eocene of southern France,2023,10.1080/02724634.2023.2193828,,,,
JVP,"A new early diverging thalattosuchian (Crocodylomorpha) from the Early Jurassic (Pliensbachian) of Dorset, U.K. and implications for the origin and evolution of the group",2023,10.1080/02724634.2022.2161909,Turnersuchus hingleyae,United Kingdom,Mesozoic,Jurassic
JVP,An unusual Pliocene arvicoline-like cricetid rodent from Ellesmere Island in the Canadian Arctic,2023,10.1080/02724634.2023.2167605,Ellesmereomys haringtoni,Canada,Cenozoic,Pliocene
JVP,"A new diminutive durophagous Miocene dasyuromorphian (Marsupialia, Malleodectidae) from the Riversleigh World Heritage Area, northern Australia",2023,10.1080/02724634.2023.2170804,Malleodectes wentworthi,Australia,Cenozoic,Miocene
JVP,"A new ektopodontid possum (Diprotodontia, Ektopodontidae) from the Oligocene of central Australia, and its implications for phalangeroid interrelationships",2023,10.1080/02724634.2023.2171299,Chunia pledgei,Australia,Cenozoic,Oligocene
JVP,"A new species of Pinnarctidion from the Pysht Formation of Washington State (U.S.A.) and a phylogenetic analysis of basal pan-pinnipeds (Eutheria, Carnivora)",2023,10.1080/02724634.2023.2178930,Pinnarctidion iverseni,United States,Cenozoic,Oligocene
JVP,"A new phytosaur species (Archosauriformes) from the Upper Triassic of Jameson Land, central East Greenland",2023,10.1080/02724634.2023.2181086,Mystriosuchus alleroq,Greenland,Mesozoic,Triassic
JVP,"A new proterotheriid (Mammalia, Litopterna) from the Salla Beds of Bolivia (upper Oligocene): phylogeny and litoptern patellar pit knee locks",2023,10.1080/02724634.2022.2162409,Promylophis cifellii,Bolivia,Cenozoic,Oligocene
JVP,"The first southern hemisphere occurrence of the extinct Cretaceous sclerorhynchoid sawfish Ptychotrygon (Chondrichthyes, Batoidea), with a review of Ptychotrygon taxonomy",2023,10.1080/02724634.2022.2162411,Ptychotrygon ameghinorum,Argentina,Mesozoic,Cretaceous
JVP,"An exquisitely preserved skeleton of Eoarctos vorax (nov. gen. et sp.) from Fitterer Ranch, North Dakota (early Oligocene) and systematics and phylogeny of North American early arctoids (Carnivora, Caniformia)",2023,10.1080/02724634.2022.2145900,Eoarctos vorax ,United States,Cenozoic,Oligocene
JVP,Dedication,2023,10.1080/02724634.2022.2169413,,,,
JVP,"Lophionotus parnaibensis, sp. nov. (Semionotiformes, Semionotidae) in the Upper Jurassic of the Parnaíba Basin, northeastern Brazil",2022,10.1080/02724634.2021.1994983,Lophionotus parnaibensis,Brazil,Mesozoic,Jurassic
JVP,"A new ornithopod dinosaur, Transylvanosaurus platycephalus gen. et sp. nov. (Dinosauria: Ornithischia), from the Upper Cretaceous of the Haţeg Basin, Romania",2022,10.1080/02724634.2022.2133610,Transylvanosaurus platycephalus,Romania,Mesozoic,Cretaceous
JVP,"Aragonictis araid, gen. et sp. nov., a small-sized hypercarnivore (Carnivora, Mustelidae) from the upper middle Miocene of the Iberian Peninsula (Spain)",2022,10.1080/02724634.2021.2005615,Aragonictis araid,Spain,Cenozoic,Miocene
JVP,"The eldest grandmother, late Miocene †Jenynsia herbsti sp. nov. (Teleostei, Cyprinodontiformes), and the early diversification of the Anablepidae",2022,10.1080/02724634.2022.2039168,Jenynsia herbsti,Argentina,Cenozoic,Miocene
JVP,"A new madtsoiid snake from the Paleogene of South America (northwestern Argentina), based on an articulated postcranial skeleton",2022,10.1080/02724634.2022.2128687,Powellophis andina,Argentina,Cenozoic,Paleocene
JVP,"New data on the Miocene vertebrate assemblage of the Zaysan Basin (Central Asia) with implications for biostratigraphy, paleoecology, and paleobiogeography",2022,10.1080/02724634.2022.2139183,,,,
JVP,"A new beardfish (Teleostei, Polymixiiformes) from the Eocene Fur Formation, Denmark",2022,10.1080/02724634.2022.2142914,Polyspinatus fluere,Denmark,Cenozoic,Eocene
JVP,A late Turolian giant panda from Bulgaria and the early evolution and dispersal of the panda lineage,2022,10.1080/02724634.2021.2054718,Agriarctos nikolovi,Bulgaria,Cenozoic,Miocene
JVP,"A sauropod from the Lower Jurassic La Quinta Formation (Dept. Cesar, Colombia) and the initial diversification of eusauropods at low latitudes",2022,10.1080/02724634.2021.2077112,Perijasaurus lapaz,Colombia,Mesozoic,Jurassic
JVP,New enchodontoid fish (Teleostei: Aulopiformes) from the Late Cretaceous of Lebanon,2022,10.1080/02724634.2022.2101370,Spinascutichthys pankowskiae,Lebanon,Mesozoic,Cretaceous
JVP,"Hybodontiform shark remains (Chondrichthyes, Elasmobranchii) from the Lower Triassic of Yunnan Province, China, with comments on hybodontiform diversity across the PTB",2022,10.1080/02724634.2022.2108712,Parvodus huizodus,China,Mesozoic,Triassic
JVP,"The postcranial skeleton of the gliding reptile Coelurosauravus elivensis Piveteau, 1926 (Diapsida, Weigeltisauridae) from the late Permian of Madagascar",2022,10.1080/02724634.2022.2108713,,,,
JVP,"A new lanternfish (Myctophiformes, Myctophidae) from the Middle Miocene Duho Formation, South Korea",2022,10.1080/02724634.2022.2121924,Stenobrachius sangsunii,South Korea,Cenozoic,Miocene
JVP,When did hyenas start transporting carrion? Tracing back the origins of scavenging durophagous hyenas,2022,10.1080/02724634.2021.2047990,,,,
JVP,A new bauriamorph therocephalian adds a novel component to the Lower Triassic tetrapod assemblage of the Fremouw Formation (Transantarctic Basin) of Antarctica,2022,10.1080/02724634.2021.2081510,Notictoides absens,Antarctica,Mesozoic,Triassic
JVP,"New fossils from the London Clay show that the Eocene Masillaraptoridae are stem group representatives of falcons (Aves, Falconiformes)",2022,10.1080/02724634.2021.2083515,Danielsraptor phorusrhacoides,United Kingdom,Cenozoic,Eocene
JVP,"New stegosaurs from the Middle Jurassic Lower Member of the Shaximiao Formation of Chongqing, China",2022,10.1080/02724634.2021.1995737,Bashanosaurus primitivus,China,Mesozoic,Jurassic
JVP,"Vertebrate paleontology of the Cloverly Formation (Lower Cretaceous), III: a new species of Albanerpeton, with biogeographic and paleoecological implications",2022,10.1080/02724634.2021.2003372,Albanerpeton ektopistikon,United States,Mesozoic,Cretaceous
JVP,"A new species of Dryornis (Aves, Cathartiformes) from the Santa Cruz Formation (lower Miocene), Patagonia, Argentina",2022,10.1080/02724634.2021.2008411,Dryornis hatcheri,Argentina,Cenozoic,Miocene
JVP,"A new Toxodontidae (Mammalia, Notoungulata) from the upper Pliocene–lower Pleistocene of Uruguay",2022,10.1080/02724634.2021.2023167,Charruatoxodon uruguayensis,Uruguay,Cenozoic,Pleistocene
JVP,Allometric analysis sheds light on the systematics and ontogeny of anurognathid pterosaurs,2022,10.1080/02724634.2021.2028796,Cascocauda rong,China,Mesozoic,Jurassic
JVP,Down to the roots of lemmings: a new species of basal lemming from the upper Pliocene of West Siberia,2022,10.1080/02724634.2021.2036173,Tobienia fejfari,Russia,Cenozoic,Pliocene
JVP,"New material and diagnosis of a new taxon of alvarezsaurid (Dinosauria, Theropoda) from the Upper Cretaceous Bissekty Formation of Uzbekistan",2022,10.1080/02724634.2021.2036174,Dzharaonyx eski,Uzbekistan,Mesozoic,Cretaceous
JVP,First definitive abelisaurid theropod from the Late Cretaceous of Northwestern Argentina,2022,10.1080/02724634.2021.2002348,Guemesia ochoai,Argentina,Mesozoic,Cretaceous
JVP,"The neurocranium of Ekweeconfractus amorui gen. et sp. nov. (Hyaenodonta, Mammalia) and the evolution of the brain in some hyaenodontan carnivores",2021,10.1080/02724634.2021.1927748,Ekweeconfractus amorui,Kenya,Cenozoic,Miocene
JVP,"Catutosaurus gaspariniae , gen. et sp. nov. (Ichthyosauria, Thunnosauria) of the Upper Jurassic of Patagonia and the evolution of the ophthalmosaurids",2021,10.1080/02724634.2021.1922427,Catutosaurus gaspariniae,Argentina,Mesozoic,Jurassic
JVP,"Habitat of the giant pterosaur Quetzalcoatlus Lawson 1975 (Pterodactyloidea: Azhdarchoidea): a paleoenvironmental reconstruction of the Javelina Formation (Upper Cretaceous), Big Bend National Park, Texas",2021,10.1080/02724634.2019.1593184,,,,
JVP,"The discovery, local distribution, and curation of the giant azhdarchid pterosaurs from Big Bend National Park",2021,10.1080/02724634.2020.1780599,,,,
JVP,Morphology and taxonomy of Quetzalcoatlus Lawson 1975 (Pterodactyloidea: Azhdarchoidea),2021,10.1080/02724634.2021.1907587,Quetzalcoatlus lawsoni,United States,Mesozoic,Cretaceous
JVP,Morphology and taxonomy of Quetzalcoatlus Lawson 1975 (Pterodactyloidea: Azhdarchoidea),2021,10.1080/02724634.2021.1907587,Wellnhopterus brevirostris,United States,Mesozoic,Cretaceous
JVP,"A new genus of Interatheriinae (Interatheriidae, Notoungulata) from the Santa Cruz Formation (early–middle Miocene), Santa Cruz Province, Argentina, and the revision of the genus Cochilius Ameghino, 1902",2021,10.1080/02724634.2021.1956940,,,,
JVP,A new ornithuromorph bird from the Lower Cretaceous of South America,2021,10.1080/02724634.2021.1988623,Kaririavis mater,Brazil,Mesozoic,Cretaceous
JVP,"New fossil remains from Bang Mark locality, Krabi Basin, southern Thailand",2021,10.1080/02724634.2021.1988624,Geniokeryx nanus,Thailand,Cenozoic,Eocene
JVP,"New fossil remains from Bang Mark locality, Krabi Basin, southern Thailand",2021,10.1080/02724634.2021.1988624,Eomoropus meridiorientalis,Thailand,Cenozoic,Eocene
JVP,"The youngest pangolin (Mammalia, Pholidota) from Europe",2021,10.1080/02724634.2021.1990075,Smutsia olteniensis,Romania,Cenozoic,Pleistocene
JVP,"Re-assessment of the Late Jurassic eusauropod dinosaur Hudiesaurus sinojapanorum Dong, 1997, from the Turpan Basin, China, and the evolution of hyper-robust antebrachia in sauropods",2021,10.1080/02724634.2021.1994414,Rhomaleopakhus turpanensis,China,Mesozoic,Jurassic
JVP,A new extinct species of Margarobyas (Strigiformes) and the evolutionary history of the endemic Cuban bare-legged owl (M. lawrencii),2021,10.1080/02724634.2021.1995869,Margarobyas abronensis,Cuba,Cenozoic,Pleistocene
JVP,"New species of Yuomys (Rodentia, Ctenodactyloidea) from the upper Eocene of eastern Ningxia, China",2021,10.1080/02724634.2021.1938099,Yuomys robustus,China,Cenozoic,Eocene
JVP,"A new species of crested pterosaur (Pterodactyloidea, Anhangueridae) from the Lower Cretaceous (upper Albian) of Richmond, North West Queensland, Australia",2021,10.1080/02724634.2021.1946068,Thapunngaka shawi,Australia,Mesozoic,Cretaceous
JVP,"Ornithopod jaws from the Lower Cretaceous Eumeralla Formation, Victoria, Australia, and their implications for polar neornithischian dinosaur diversity",2021,10.1080/02724634.2021.1946551,,,,
JVP,"New early late Miocene species of Vishnuonyx (Carnivora, Lutrinae) from the hominid locality of Hammerschmiede, Bavaria, Germany",2021,10.1080/02724634.2021.1948858,Vishnuonyx neptuni,Germany,Cenozoic,Miocene
JVP,A giant Oligocene fossil penguin from the North Island of New Zealand,2021,10.1080/02724634.2021.1953047,Kairuku waewaeroa,New Zealand,Cenozoic,Oligocene
JVP,"A new species of Eusthenodon (Sarcopterygii, Tristichopteridae) from the Upper Devonian (Famennian) of Pennsylvania, U.S.A., and a review of Eusthenodon taxonomy",2021,10.1080/02724634.2021.1976197,Eusthenodon bourdoni,United States,Paleozoic,Devonian
JVP,A new sebecid mesoeucrocodylian from the Paleocene of northwestern Argentina,2021,10.1080/02724634.2021.1979020,Sebecus ayrampu,Argentina,Cenozoic,Paleocene
JVP,"A new species of claroteid catfish (Siluriformes: Claroteidae) from the Eocene of Egypt, (Africa) indicates continental differences in tempo of catfish evolution",2021,10.1080/02724634.2021.1979021,Clarotes eocenicus,Egypt,Cenozoic,Eocene
JVP,"From toad to frog, a CT-based reconsideration of Bufo servatus, an Eocene anuran mummy from Quercy (France)",2021,10.1080/02724634.2021.1989694,,,,
JVP,"A new baenid turtle, Palatobaena knellerorum sp. nov., from the lower Paleocene (Danian) Denver Formation of south-central Colorado, U.S.A.",2021,10.1080/02724634.2021.1925558,Palatobaena knellerorum,United States,Cenozoic,Paleocene
JVP,Scarce ctenacanthiform sharks from the Mississippian of Austria with an analysis of Carboniferous elasmobranch diversity in response to climatic and environmental changes,2021,10.1080/02724634.2021.1925902,Cladodus gailensis,Austria,Paleozoic,Carboniferous
JVP,"A new Triodus shark species (Xenacanthidae, Xenacanthiformes) from the lowermost Permian of France and its paleobiogeographic implications",2021,10.1080/02724634.2021.1926470,Triodus aeduorum,France,Paleozoic,Permian
JVP,"New late Oligocene caviomorph rodents from Mendoza Province, central-western Argentina",2021,10.1080/02724634.2021.1929264,Asteromys puelche,Argentina,Cenozoic,Oligocene
JVP,A new large gomphodont from the Triassic of South Africa and its implications for Gondwanan biostratigraphy,2021,10.1080/02724634.2021.1929265,Impidens hancoxi,South Africa,Mesozoic,Triassic
JVP,A new diapsid with a unique tooth structure from the Middle Triassic (Ladinian) of Germany,2021,10.1080/02724634.2021.1929268,Stauromatodon mohli ,Germany,Mesozoic,Triassic
JVP,Youngest jalodontid shark from the Triassic of Europe and a revision of the Jalodontidae,2021,10.1080/02724634.2021.1931259,,,,
JVP,An Upper Triassic terrestrial vertebrate assemblage from the forgotten Kocury locality (Poland) with a new aetosaur taxon,2021,10.1080/02724634.2021.1898977,Kocurypelta silvestris,Poland,Mesozoic,Triassic
JVP,"The earliest recorded fossil pelican, recovered from the late Eocene of Wadi Al-Hitan, Egypt",2021,10.1080/02724634.2021.1903910,Eopelecanus aegyptiacus,Egypt,Cenozoic,Eocene
JVP,New Leptolophus (Palaeotheriidae) species from the Iberian Peninsula and early evidence of hypsodonty in an Eocene perissodactyl,2021,10.1080/02724634.2021.1912061,Leptolophus cuestai,Spain,Cenozoic,Eocene
JVP,New Leptolophus (Palaeotheriidae) species from the Iberian Peninsula and early evidence of hypsodonty in an Eocene perissodactyl,2021,10.1080/02724634.2021.1912061,Leptolophus franzeni,Spain,Cenozoic,Eocene
JVP,"A new plastomenid trionychid turtle, Plastomenus joycei , sp. nov., from the earliest Paleocene (Danian) Denver Formation of south-central Colorado, U.S.A.",2021,10.1080/02724634.2021.1913600,Plastomenus joycei,United States,Cenozoic,Paleocene
JVP,A new glirid-like cricetid from the lower Oligocene of Southern China,2021,10.1080/02724634.2021.1917587,Caecocricetodon yani,China,Cenozoic,Oligocene
JVP,"A new furileusaurian abelisaurid from La Invernada (Upper Cretaceous, Santonian, Bajo de la Carpa Formation), northern Patagonia, Argentina",2021,10.1080/02724634.2020.1877151,Llukalkan aliocranianus,Argentina,Mesozoic,Cretaceous
JVP,"Systematic reassessment of Edaphodon eyrensis Long, 1985 (Holocephali, Chimaeroidei) from the Early Cretaceous of South Australia",2021,10.1080/02724634.2020.1884564,,,,
JVP,Functional morphology of Wakaleo postcrania from the middle to late Miocene of central Australia reveals new insights in the evolution of marsupial hypercarnivores,2021,10.1080/02724634.2021.1878203,,,,
JVP,"A new lizard-like reptile from the Upper Triassic (Carnian) of Virginia and the Triassic record of Lepidosauromorpha (Diapsida, Sauria)",2021,10.1080/02724634.2021.1879102,Vinitasaura lizae,United States,Mesozoic,Triassic
JVP,"†Neilpeartia ceratoi, gen. et sp. nov., a new frogfish from the Eocene of Bolca, Italy",2020,10.1080/02724634.2020.1778711,Neilpeartia ceratoi,Italy,Cenozoic,Eocene
JVP,"Taoheodon baizhijuni, gen. et sp. nov. (Anomodontia, Dicynodontoidea), from the upper Permian Sunjiagou Formation of China and its implications",2020,10.1080/02724634.2020.1762088,Taoheodon baizhijuni,China,Paleozoic,Permian
JVP,"Scaphokogia totajpe, sp. nov., a new bulky-faced pygmy sperm whale (Kogiidae) from the late Miocene of Peru",2020,10.1080/02724634.2019.1728538,Scaphokogia totajpe,Peru,Cenozoic,Miocene
JVP,"Golunda aouraghei, sp. nov., the last representative of the genus Golunda in Africa",2020,10.1080/02724634.2019.1742726,Golunda aouraghei,Morocco,Cenozoic,
JVP,"Kholumolumo ellenbergerorum, gen. et sp. nov., a new early sauropodomorph from the lower Elliot Formation (Upper Triassic) of Maphutseng, Lesotho",2020,10.1080/02724634.2019.1732996,Kholumolumo ellenbergerorum,Lesotho,Mesozoic,Triassic
JVP,"Introduction to Adalatherium hui (Gondwanatheria, Mammalia) from the Late Cretaceous of Madagascar",2020,10.1080/02724634.2020.1805455,,,,
JVP,"The Late Jurassic sauropod dinosaur ‘Morosaurus’ agilis Marsh, 1889 reexamined and reinterpreted as a dicraeosaurid",2020,10.1080/02724634.2020.1780600,,,,
JVP,"Geologically Oldest Pediomyoidea (Mammalia, Marsupialiformes) from the Late Cretaceous of North America, with Implications for Taxonomy and Diet of Earliest Late Cretaceous Mammals",2020,10.1080/02724634.2020.1835935,Scalaria martini,United States,Mesozoic,Cretaceous
JVP,"Geologically Oldest Pediomyoidea (Mammalia, Marsupialiformes) from the Late Cretaceous of North America, with Implications for Taxonomy and Diet of Earliest Late Cretaceous Mammals",2020,10.1080/02724634.2020.1835935,Scalaria aquilana,United States,Mesozoic,Cretaceous
JVP,"Geologically Oldest Pediomyoidea (Mammalia, Marsupialiformes) from the Late Cretaceous of North America, with Implications for Taxonomy and Diet of Earliest Late Cretaceous Mammals",2020,10.1080/02724634.2020.1835935,Aquiladelphis analetris,United States,Mesozoic,Cretaceous
JVP,"Geologically Oldest Pediomyoidea (Mammalia, Marsupialiformes) from the Late Cretaceous of North America, with Implications for Taxonomy and Diet of Earliest Late Cretaceous Mammals",2020,10.1080/02724634.2020.1835935,Glasbius piceanus,United States,Mesozoic,Cretaceous
JVP,"Early Pliocene Desmaninae (Mammalia, Talpidae) from Southern Spain and the Origin of the Genus Desmana",2020,10.1080/02724634.2020.1835936,Desmana marci,Spain,Cenozoic,Pliocene
JVP,Insights on the Dental Evolution of Walruses Based on New Fossil Specimens from California,2020,10.1080/02724634.2020.1833896 ,Pontolis barroni,United States,Cenozoic,Miocene
JVP,Insights on the Dental Evolution of Walruses Based on New Fossil Specimens from California,2020,10.1080/02724634.2020.1833896 ,Pontolis kohnoi,United States,Cenozoic,Miocene
JVP,Insights on the Dental Evolution of Walruses Based on New Fossil Specimens from California,2020,10.1080/02724634.2020.1833896 ,Osodobenus eodon,United States,Cenozoic,Miocene
JVP,A Basal Nonmammaliaform Cynodont from the Permian of Zambia and the Origins of Mammalian Endocranial and Postcranial Anatomy,2020,10.1080/02724634.2020.1827413,Nshimbodon muchingaensis,Zambia,Paleozoic,Permian
JVP,A Transitional Mammalian Carnivore Community from the Paleogene–Neogene Boundary in Northern Kenya,2020,10.1080/02724634.2020.1833895,Jinomrefu lakwanza,Kenya,Cenozoic,
JVP,Using Manual Ungual Morphology to Predict Substrate Use in the Drepanosauromorpha and the Description of a New Species,2020,10.1080/02724634.2020.1810058,Skybalonyx skapter,United States,Mesozoic,Triassic
JVP,"The Dawn of Desmatophocidae: A New Species of Basal Desmatophocid Seal (Mammalia, Carnivora) from the Miocene of Oregon, U.S.A.",2020,10.1080/02724634.2020.1789867,Eodesmus condoni,United States,Cenozoic,Miocene
JVP,A New Lungfish from the Jurassic of Thailand,2020,10.1080/02724634.2020.1791895,Ferganoceratodus annekempae ,Thailand,Mesozoic,Jurassic
JVP,A European Cenozoic ‘Macrobaenid:’ New Data about the Paleocene Arrival of Several Turtle Lineages to Europe,2020,10.1080/02724634.2020.1795874,Gallica lapparentiana,France,Cenozoic,Paleocene
JVP,Revision of the Early Permian Dissorophid ‘Dissorophus’ Angustus (Temnospondyli: Dissorophoidea),2020,10.1080/02724634.2020.1801704,,,,
JVP,New Cichlid Fossils from the Middle-Late Miocene Alkaline Lakes of Africa,2020,10.1080/02724634.2020.1805621,Rebekkachromis valyricus,Kenya,Cenozoic,Miocene
JVP,New Cichlid Fossils from the Middle-Late Miocene Alkaline Lakes of Africa,2020,10.1080/02724634.2020.1805621,Rebekkachromis vancouveringae,Kenya,Cenozoic,Miocene
JVP,An Enigmatic Neodiapsid Reptile from the Middle Triassic of England,2020,10.1080/02724634.2020.1781143,Feralisaurus corami,United Kingdom,Mesozoic,Triassic
JVP,"A New Prozostrodontian Cynodont (Eucynodontia, Probainognathia) from the Upper Triassic of Southern Brazil",2020,10.1080/02724634.2020.1782415 ,Agudotherium gassenae,Brazil,Mesozoic,Triassic
JVP,"New Erinaceidae (Eulipotyphla, Mammalia) from the Middle Miocene of Mae Moh, Northern Thailand",2020,10.1080/02724634.2020.1783277,Lantanotherium anthrace,Thailand,Cenozoic,Miocene
JVP,Redescription and Phylogenetic Assessment of ‘Prognathodon’ Stadtmani: Implications for Globidensini Monophyly and Character Homology in Mosasaurinae,2020,10.1080/02724634.2020.1784183,,,,
JVP,"A New Ladinian Nothosauroid (Sauropterygia) from Fuyuan, Yunnan Province, China",2020,10.1080/02724634.2020.1789651,Brevicaudosaurus jiyangshanensis,China,Mesozoic,Triassic
JVP,"Description of a New Species of Fossil Ceratophrys (Anura: Ceratophryidae) From Versalles Cave, São Paulo, Brazil",2020,10.1080/02724634.2020.1811293,Ceratophrys sagani,Brazil,Cenozoic,
JVP,A New Look at Carboniferous Rhizodontid Humeri (Sarcopterygii; Tetrapodomorpha),2020,10.1080/02724634.2020.1813150,Rossichthys clackae,Scotland,Paleozoic,Carboniferous
JVP,A New Species of Fossil Lungfish (Osteichthyes: Dipnoi) from the Cretaceous of Australia,2020,10.1080/02724634.2020.1822369,Neoceratodus potkooroki,Australia,Mesozoic,Cretaceous
JVP,"Skeleton of a new owl from the early Eocene of North America (Aves, Strigiformes) with an accipitrid-like foot morphology",2020,10.1080/02724634.2020.1769116,Primoptynx poliotauros,United States,Cenozoic,Eocene
JVP,"Metaceratodus baibianorum, a new dipnoan species from the Upper Cretaceous of southern South America supported by traditional and geometric morphometric analyses",2020,10.1080/02724634.2020.1769640,Metaceratodus baibianorum,Argentina,Mesozoic,Cretaceous
JVP,"New halecomorph (Actinopterygii, Neopterygii) from the Nusplingen Lithographic Limestone (Upper Jurassic, Late Kimmeridgian), Germany",2020,10.1080/02724634.2020.1771348,Sanctusichthys rieteri,Germany,Mesozoic,Jurassic
JVP,"A New Rhynchosaur (Reptilia, Archosauromorpha) from the Upper Triassic of Eastern North America",2020,10.1080/02724634.2020.1771568,Oryctorhynchus bairdi,United States,Mesozoic,Triassic
JVP,"A New Species of Megalichthys (Sarcopterygii, Megalichthyidae) from the Upper Devonian (Famennian) of Pennsylvania, U.S.A., and a Report on the Cosmine-Covered Osteolepiform Fossils of the Catskill Formation",2020,10.1080/02724634.2020.1774771 ,Megalichthys mullisoni,United States,Paleozoic,Devonian
JVP,The Pliocene canid Cerdocyon avius was not the type of fox that we thought,2020,10.1080/02724634.2020.1774889,,,,
JVP,"Paddlefish and sturgeon (Chondrostei: Acipenseriformes: Polyodontidae and Acipenseridae) from lower Paleocene deposits of Montana, U.S.A.",2020,10.1080/02724634.2020.1775091,Engdahlichthys milviaegis,United States,Cenozoic,Paleocene
JVP,"Early Cenozoic Cyprinoids (Ostariophysi: Cypriniformes: Cyprinidae and Danionidae) from Sumatra, Indonesia",2020,10.1080/02724634.2020.1762627,Sangkarewangia sumatranus,Indonesia,Cenozoic,Eocene
JVP,"Early Cenozoic Cyprinoids (Ostariophysi: Cypriniformes: Cyprinidae and Danionidae) from Sumatra, Indonesia",2020,10.1080/02724634.2020.1762627,Hadromos sandersae,Indonesia,Cenozoic,Eocene
JVP,"Norisdelphis annakaensis, A new Miocene delphinid from Japan",2020,10.1080/02724634.2020.1762628,Norisdelphis annakaensis,Japan,Cenozoic,Miocene
JVP,A new archosauriform reptile with distinctive teeth from the Middle Triassic (Ladinian) of Germany,2020,10.1080/02724634.2020.1764968,Polymorphodon adorfi,Germany,Mesozoic,Triassic
JVP,A systematic review of the giant alligatoroid Deinosuchus from the Campanian of North America and its implications for the relationships at the root of Crocodylia,2020,10.1080/02724634.2020.1767638,Deinosuchus schwimmeri,United States,Mesozoic,Cretaceous
JVP,A new carcharodontosaurian theropod from the Lusitanian Basin: evidence of allosauroid sympatry in the European Late Jurassic,2020,10.1080/02724634.2020.1768106,Lusovenator santosi,Portugal,Mesozoic,Jurassic
JVP,"A New Genus of Chimaerid Fish (Holocephali, Chimaeridae) from the Upper Oligocene Sooke Formation of British Columbia, Canada",2020,10.1080/02724634.2020.1772275,Canadodus suntoki,Canada,Cenozoic,Oligocene
JVP,"Anatomy, Relationships, and Paleobiology of Cambaytherium (Mammalia, Perissodactylamorpha, Anthracobunia) from the lower Eocene of western India",2020,10.1080/02724634.2020.1761370,,,,
JVP,"An Oligocene tubeshoulder (Teleostei, Alepocephaliformes) from the Central Paratethys (Czech Republic): the first skeletal record for the family Platytroctidae",2020,10.1080/02724634.2019.1719123,Vachalia moraviensis,Czech Republic,Cenozoic,Oligocene
JVP,"New basal ruminants from the Eocene of the Pondaung Formation, Myanmar",2020,10.1080/02724634.2019.1722682,Paukkaungmeryx minutus,Myanmar,Cenozoic,Eocene
JVP,"New basal ruminants from the Eocene of the Pondaung Formation, Myanmar",2020,10.1080/02724634.2019.1722682,Stenomeryx bahinensis,Myanmar,Cenozoic,Eocene
JVP,Middle Jurassic Tracks of Sauropod Dinosaurs in a Deep Karst Cave in France,2020,10.1080/02724634.2019.1728286,Occitanopodus gandi,France,Mesozoic,Jurassic
JVP,"Systematics and paleobiology of Chiromyoides (Mammalia, Plesiadapidae) from the upper Paleocene of western North America and western Europe",2020,10.1080/02724634.2019.1730389,Chiromyoides kesiwah,United States,Cenozoic,Paleocene
JVP,"A Detailed description of Rugarhynchos sixmilensis, gen. et comb. nov. (Archosauriformes, Proterochampsia), and cranial convergence in snout elongation across stem and crown archosaurs",2020,10.1080/02724634.2019.1748042,,,,
JVP,"A new species of the carnivorous cynodont Chiniquodon (Cynodontia, Chiniquodontidae) from the Namibian Triassic",2020,10.1080/02724634.2019.1754231,Chiniquodon omaruruensis,Namibia,Mesozoic,Triassic
JVP,"Seabirds (Aves) from the Pleistocene Kazusa and Shimosa groups, central Japan",2020,10.1080/02724634.2019.1697277,,,,
JVP,"A new species of Trichechus Linnaeus, 1758 (Sirenia, Trichechidae), from the upper Pleistocene of southwestern Amazonia, and the evolution of Amazonian manatees",2020,10.1080/02724634.2019.1697882,Trichechus hesperamazonicus,Brazil,Cenozoic,Pleistocene
JVP,"The apex of amphicyonid hypercarnivory: solving the riddle of Agnotherium antiquum Kaup, 1833 (Mammalia, Carnivora)",2020,10.1080/02724634.2019.1705848,,,,
JVP,"A new Miocene turtle from Colombia sheds light on the evolutionary history of the extant genus Mesoclemmys Gray, 1873",2020,10.1080/02724634.2019.1716777,Mesoclemmys vanegasorum,Colombia,Cenozoic,Miocene
JVP,"A new fairy armadillo (Cingulata, Chlamyphorinae) from the upper Miocene of Argentina: first fossil record of the most enigmatic Xenarthra",2020,10.1080/02724634.2019.1716778,Chlamyphractus dimartinoi,Argentina,Cenozoic,Miocene
JVP,"Small carnivoran fauna of the Mascall Formation, Crooked River Basin, central Oregon",2020,10.1080/02724634.2019.1717506,Cryptailurus tinaynakti,United States,Cenozoic,Miocene
